BusinessEntityID,CountryRegionCode,Name,CurrencyCode,Expr1,DepartmentID,GroupName,ProductID,LocationID,Quantity,ProductReviewID,Rating
4577,AF,Afghanistan,AFA,Afghani,1,Research and Development,709,7,180,1,5
14491,AF,Afghanistan,AFA,Afghani,1,Research and Development,709,7,180,1,5
14881,AF,Afghanistan,AFA,Afghani,1,Research and Development,709,7,180,1,5
11383,AF,Afghanistan,AFA,Afghani,1,Research and Development,709,7,180,1,5
9663,AF,Afghanistan,AFA,Afghani,1,Research and Development,709,7,180,1,5
1751,AF,Afghanistan,AFA,Afghani,1,Research and Development,709,7,180,1,5
3386,AF,Afghanistan,AFA,Afghani,1,Research and Development,709,7,180,1,5
11328,AF,Afghanistan,AFA,Afghani,1,Research and Development,709,7,180,1,5
19384,AF,Afghanistan,AFA,Afghani,1,Research and Development,709,7,180,1,5
16040,AF,Afghanistan,AFA,Afghani,1,Research and Development,709,7,180,1,5
5274,AF,Afghanistan,AFA,Afghani,1,Research and Development,709,7,180,1,5
5922,AF,Afghanistan,AFA,Afghani,1,Research and Development,709,7,180,1,5
18941,AF,Afghanistan,AFA,Afghani,1,Research and Development,709,7,180,1,5
19709,AF,Afghanistan,AFA,Afghani,1,Research and Development,709,7,180,1,5
6518,AF,Afghanistan,AFA,Afghani,1,Research and Development,709,7,180,1,5
7987,AF,Afghanistan,AFA,Afghani,1,Research and Development,709,7,180,1,5
13128,AF,Afghanistan,AFA,Afghani,1,Research and Development,709,7,180,1,5
16305,AF,Afghanistan,AFA,Afghani,1,Research and Development,709,7,180,1,5
17427,AF,Afghanistan,AFA,Afghani,1,Research and Development,709,7,180,1,5
20486,AF,Afghanistan,AFA,Afghani,1,Research and Development,709,7,180,1,5
14091,AF,Afghanistan,AFA,Afghani,1,Research and Development,709,7,180,1,5
19217,AF,Afghanistan,AFA,Afghani,1,Research and Development,709,7,180,1,5
8369,AF,Afghanistan,AFA,Afghani,1,Research and Development,709,7,180,1,5
9930,AF,Afghanistan,AFA,Afghani,1,Research and Development,709,7,180,1,5
11352,AF,Afghanistan,AFA,Afghani,1,Research and Development,709,7,180,1,5
9859,AF,Afghanistan,AFA,Afghani,1,Research and Development,709,7,180,1,5
8224,AF,Afghanistan,AFA,Afghani,1,Research and Development,709,7,180,1,5
16422,AF,Afghanistan,AFA,Afghani,1,Research and Development,709,7,180,1,5
16094,AF,Afghanistan,AFA,Afghani,1,Research and Development,709,7,180,1,5
4038,AF,Afghanistan,AFA,Afghani,1,Research and Development,709,7,180,1,5
186,AF,Afghanistan,AFA,Afghani,1,Research and Development,709,7,180,1,5
14118,AF,Afghanistan,AFA,Afghani,1,Research and Development,709,7,180,1,5
17123,AF,Afghanistan,AFA,Afghani,1,Research and Development,709,7,180,1,5
7871,AF,Afghanistan,AFA,Afghani,1,Research and Development,709,7,180,1,5
14386,AF,Afghanistan,AFA,Afghani,1,Research and Development,709,7,180,1,5
869,AF,Afghanistan,AFA,Afghani,1,Research and Development,709,7,180,1,5
47,AF,Afghanistan,AFA,Afghani,1,Research and Development,709,7,180,1,5
10195,AF,Afghanistan,AFA,Afghani,1,Research and Development,709,7,180,1,5
11887,AF,Afghanistan,AFA,Afghani,1,Research and Development,709,7,180,1,5
64,AF,Afghanistan,AFA,Afghani,1,Research and Development,709,7,180,1,5
6304,AF,Afghanistan,AFA,Afghani,1,Research and Development,709,7,180,1,5
2094,AF,Afghanistan,AFA,Afghani,1,Research and Development,709,7,180,1,5
13660,AF,Afghanistan,AFA,Afghani,1,Research and Development,709,7,180,1,5
9597,AF,Afghanistan,AFA,Afghani,1,Research and Development,709,7,180,1,5
17341,AF,Afghanistan,AFA,Afghani,1,Research and Development,709,7,180,1,5
3503,AF,Afghanistan,AFA,Afghani,1,Research and Development,709,7,180,1,5
8923,AF,Afghanistan,AFA,Afghani,1,Research and Development,709,7,180,1,5
20654,AF,Afghanistan,AFA,Afghani,1,Research and Development,709,7,180,1,5
11523,AF,Afghanistan,AFA,Afghani,1,Research and Development,709,7,180,1,5
12278,AF,Afghanistan,AFA,Afghani,1,Research and Development,709,7,180,1,5
2118,AF,Afghanistan,AFA,Afghani,1,Research and Development,709,7,180,1,5
3053,AF,Afghanistan,AFA,Afghani,1,Research and Development,709,7,180,1,5
8350,AF,Afghanistan,AFA,Afghani,1,Research and Development,709,7,180,1,5
11111,AF,Afghanistan,AFA,Afghani,1,Research and Development,709,7,180,1,5
12896,AF,Afghanistan,AFA,Afghani,1,Research and Development,709,7,180,1,5
17778,AF,Afghanistan,AFA,Afghani,1,Research and Development,709,7,180,1,5
4471,AF,Afghanistan,AFA,Afghani,1,Research and Development,709,7,180,1,5
15855,AF,Afghanistan,AFA,Afghani,1,Research and Development,709,7,180,1,5
14296,AF,Afghanistan,AFA,Afghani,1,Research and Development,709,7,180,1,5
5262,AF,Afghanistan,AFA,Afghani,1,Research and Development,709,7,180,1,5
962,AF,Afghanistan,AFA,Afghani,1,Research and Development,709,7,180,1,5
9878,AF,Afghanistan,AFA,Afghani,1,Research and Development,709,7,180,1,5
16639,AF,Afghanistan,AFA,Afghani,1,Research and Development,709,7,180,1,5
3707,AF,Afghanistan,AFA,Afghani,1,Research and Development,709,7,180,1,5
12614,AF,Afghanistan,AFA,Afghani,1,Research and Development,709,7,180,1,5
8232,AF,Afghanistan,AFA,Afghani,1,Research and Development,709,7,180,1,5
6976,AF,Afghanistan,AFA,Afghani,1,Research and Development,709,7,180,1,5
16059,AF,Afghanistan,AFA,Afghani,1,Research and Development,709,7,180,1,5
2215,AF,Afghanistan,AFA,Afghani,1,Research and Development,709,7,180,1,5
12216,AF,Afghanistan,AFA,Afghani,1,Research and Development,709,7,180,1,5
18618,AF,Afghanistan,AFA,Afghani,1,Research and Development,709,7,180,1,5
19664,AF,Afghanistan,AFA,Afghani,1,Research and Development,709,7,180,1,5
6375,AF,Afghanistan,AFA,Afghani,1,Research and Development,709,7,180,1,5
16690,AF,Afghanistan,AFA,Afghani,1,Research and Development,709,7,180,1,5
11151,AF,Afghanistan,AFA,Afghani,1,Research and Development,709,7,180,1,5
19004,AF,Afghanistan,AFA,Afghani,1,Research and Development,709,7,180,1,5
3224,AF,Afghanistan,AFA,Afghani,1,Research and Development,709,7,180,1,5
14395,AF,Afghanistan,AFA,Afghani,1,Research and Development,709,7,180,1,5
10785,AF,Afghanistan,AFA,Afghani,1,Research and Development,709,7,180,1,5
5763,AF,Afghanistan,AFA,Afghani,1,Research and Development,709,7,180,1,5
20675,AF,Afghanistan,AFA,Afghani,1,Research and Development,709,7,180,1,5
20012,AF,Afghanistan,AFA,Afghani,1,Research and Development,709,7,180,1,5
15766,AF,Afghanistan,AFA,Afghani,1,Research and Development,709,7,180,1,5
2104,AF,Afghanistan,AFA,Afghani,1,Research and Development,709,7,180,1,5
13595,AF,Afghanistan,AFA,Afghani,1,Research and Development,709,7,180,1,5
8566,AF,Afghanistan,AFA,Afghani,1,Research and Development,709,7,180,1,5
2928,AF,Afghanistan,AFA,Afghani,1,Research and Development,709,7,180,1,5
4857,AF,Afghanistan,AFA,Afghani,1,Research and Development,709,7,180,1,5
5292,AF,Afghanistan,AFA,Afghani,1,Research and Development,709,7,180,1,5
10275,AF,Afghanistan,AFA,Afghani,1,Research and Development,709,7,180,1,5
16929,AF,Afghanistan,AFA,Afghani,1,Research and Development,709,7,180,1,5
11646,AF,Afghanistan,AFA,Afghani,1,Research and Development,709,7,180,1,5
8307,AF,Afghanistan,AFA,Afghani,1,Research and Development,709,7,180,1,5
14669,AF,Afghanistan,AFA,Afghani,1,Research and Development,709,7,180,1,5
19551,AF,Afghanistan,AFA,Afghani,1,Research and Development,709,7,180,1,5
19528,AF,Afghanistan,AFA,Afghani,1,Research and Development,709,7,180,1,5
10107,AF,Afghanistan,AFA,Afghani,1,Research and Development,709,7,180,1,5
20529,AF,Afghanistan,AFA,Afghani,1,Research and Development,709,7,180,1,5
15368,AF,Afghanistan,AFA,Afghani,1,Research and Development,709,7,180,1,5
18829,AF,Afghanistan,AFA,Afghani,1,Research and Development,709,7,180,1,5
8432,AF,Afghanistan,AFA,Afghani,1,Research and Development,709,7,180,1,5
5058,AF,Afghanistan,AFA,Afghani,1,Research and Development,709,7,180,1,5
5061,AF,Afghanistan,AFA,Afghani,1,Research and Development,709,7,180,1,5
13305,AF,Afghanistan,AFA,Afghani,1,Research and Development,709,7,180,1,5
15325,AF,Afghanistan,AFA,Afghani,1,Research and Development,709,7,180,1,5
7123,AF,Afghanistan,AFA,Afghani,1,Research and Development,709,7,180,1,5
2172,AF,Afghanistan,AFA,Afghani,1,Research and Development,709,7,180,1,5
18312,AF,Afghanistan,AFA,Afghani,1,Research and Development,709,7,180,1,5
3042,AF,Afghanistan,AFA,Afghani,1,Research and Development,709,7,180,1,5
2665,AF,Afghanistan,AFA,Afghani,1,Research and Development,709,7,180,1,5
6075,AF,Afghanistan,AFA,Afghani,1,Research and Development,709,7,180,1,5
6064,AF,Afghanistan,AFA,Afghani,1,Research and Development,709,7,180,1,5
11249,AF,Afghanistan,AFA,Afghani,1,Research and Development,709,7,180,1,5
9512,AF,Afghanistan,AFA,Afghani,1,Research and Development,709,7,180,1,5
11025,AF,Afghanistan,AFA,Afghani,1,Research and Development,709,7,180,1,5
1498,AF,Afghanistan,AFA,Afghani,1,Research and Development,709,7,180,1,5
16472,AF,Afghanistan,AFA,Afghani,1,Research and Development,709,7,180,1,5
11156,AF,Afghanistan,AFA,Afghani,1,Research and Development,709,7,180,1,5
541,AF,Afghanistan,AFA,Afghani,1,Research and Development,709,7,180,1,5
19118,AF,Afghanistan,AFA,Afghani,1,Research and Development,709,7,180,1,5
13343,AF,Afghanistan,AFA,Afghani,1,Research and Development,709,7,180,1,5
645,AF,Afghanistan,AFA,Afghani,1,Research and Development,709,7,180,1,5
8657,AF,Afghanistan,AFA,Afghani,1,Research and Development,709,7,180,1,5
10623,AF,Afghanistan,AFA,Afghani,1,Research and Development,709,7,180,1,5
16493,AF,Afghanistan,AFA,Afghani,1,Research and Development,709,7,180,1,5
17444,AF,Afghanistan,AFA,Afghani,1,Research and Development,709,7,180,1,5
16279,AF,Afghanistan,AFA,Afghani,1,Research and Development,709,7,180,1,5
18971,AF,Afghanistan,AFA,Afghani,1,Research and Development,709,7,180,1,5
10063,AF,Afghanistan,AFA,Afghani,1,Research and Development,709,7,180,1,5
16278,AF,Afghanistan,AFA,Afghani,1,Research and Development,709,7,180,1,5
18531,AF,Afghanistan,AFA,Afghani,1,Research and Development,709,7,180,1,5
57,AF,Afghanistan,AFA,Afghani,1,Research and Development,709,7,180,1,5
2890,AF,Afghanistan,AFA,Afghani,1,Research and Development,709,7,180,1,5
8889,AF,Afghanistan,AFA,Afghani,1,Research and Development,709,7,180,1,5
16881,AF,Afghanistan,AFA,Afghani,1,Research and Development,709,7,180,1,5
2672,AF,Afghanistan,AFA,Afghani,1,Research and Development,709,7,180,1,5
9257,AF,Afghanistan,AFA,Afghani,1,Research and Development,709,7,180,1,5
11013,AF,Afghanistan,AFA,Afghani,1,Research and Development,709,7,180,1,5
14802,AF,Afghanistan,AFA,Afghani,1,Research and Development,709,7,180,1,5
10428,AF,Afghanistan,AFA,Afghani,1,Research and Development,709,7,180,1,5
1033,AF,Afghanistan,AFA,Afghani,1,Research and Development,709,7,180,1,5
3709,AF,Afghanistan,AFA,Afghani,1,Research and Development,709,7,180,1,5
3637,AF,Afghanistan,AFA,Afghani,1,Research and Development,709,7,180,1,5
956,AF,Afghanistan,AFA,Afghani,1,Research and Development,709,7,180,1,5
7172,AF,Afghanistan,AFA,Afghani,1,Research and Development,709,7,180,1,5
10068,AF,Afghanistan,AFA,Afghani,1,Research and Development,709,7,180,1,5
16730,AF,Afghanistan,AFA,Afghani,1,Research and Development,709,7,180,1,5
13466,AF,Afghanistan,AFA,Afghani,1,Research and Development,709,7,180,1,5
13242,AF,Afghanistan,AFA,Afghani,1,Research and Development,709,7,180,1,5
13882,AF,Afghanistan,AFA,Afghani,1,Research and Development,709,7,180,1,5
19593,AF,Afghanistan,AFA,Afghani,1,Research and Development,709,7,180,1,5
7635,AF,Afghanistan,AFA,Afghani,1,Research and Development,709,7,180,1,5
19736,AF,Afghanistan,AFA,Afghani,1,Research and Development,709,7,180,1,5
12051,AF,Afghanistan,AFA,Afghani,1,Research and Development,709,7,180,1,5
7995,AF,Afghanistan,AFA,Afghani,1,Research and Development,709,7,180,1,5
10739,AF,Afghanistan,AFA,Afghani,1,Research and Development,709,7,180,1,5
2701,AF,Afghanistan,AFA,Afghani,1,Research and Development,709,7,180,1,5
682,AF,Afghanistan,AFA,Afghani,1,Research and Development,709,7,180,1,5
9676,AF,Afghanistan,AFA,Afghani,1,Research and Development,709,7,180,1,5
13716,AF,Afghanistan,AFA,Afghani,1,Research and Development,709,7,180,1,5
14068,AF,Afghanistan,AFA,Afghani,1,Research and Development,709,7,180,1,5
12810,AF,Afghanistan,AFA,Afghani,1,Research and Development,709,7,180,1,5
18897,AF,Afghanistan,AFA,Afghani,1,Research and Development,709,7,180,1,5
5168,AF,Afghanistan,AFA,Afghani,1,Research and Development,709,7,180,1,5
14589,AF,Afghanistan,AFA,Afghani,1,Research and Development,709,7,180,1,5
20125,AF,Afghanistan,AFA,Afghani,1,Research and Development,709,7,180,1,5
7687,AF,Afghanistan,AFA,Afghani,1,Research and Development,709,7,180,1,5
4031,AF,Afghanistan,AFA,Afghani,1,Research and Development,709,7,180,1,5
19948,AF,Afghanistan,AFA,Afghani,1,Research and Development,709,7,180,1,5
2178,AF,Afghanistan,AFA,Afghani,1,Research and Development,709,7,180,1,5
12568,AF,Afghanistan,AFA,Afghani,1,Research and Development,709,7,180,1,5
12552,AF,Afghanistan,AFA,Afghani,1,Research and Development,709,7,180,1,5
14045,AF,Afghanistan,AFA,Afghani,1,Research and Development,709,7,180,1,5
6822,AF,Afghanistan,AFA,Afghani,1,Research and Development,709,7,180,1,5
16717,AF,Afghanistan,AFA,Afghani,1,Research and Development,709,7,180,1,5
5047,AF,Afghanistan,AFA,Afghani,1,Research and Development,709,7,180,1,5
6275,AF,Afghanistan,AFA,Afghani,1,Research and Development,709,7,180,1,5
5716,AF,Afghanistan,AFA,Afghani,1,Research and Development,709,7,180,1,5
3690,AF,Afghanistan,AFA,Afghani,1,Research and Development,709,7,180,1,5
10920,AF,Afghanistan,AFA,Afghani,1,Research and Development,709,7,180,1,5
9780,AF,Afghanistan,AFA,Afghani,1,Research and Development,709,7,180,1,5
15926,AF,Afghanistan,AFA,Afghani,1,Research and Development,709,7,180,1,5
9325,AF,Afghanistan,AFA,Afghani,1,Research and Development,709,7,180,1,5
16316,AF,Afghanistan,AFA,Afghani,1,Research and Development,709,7,180,1,5
12295,AF,Afghanistan,AFA,Afghani,1,Research and Development,709,7,180,1,5
8185,AF,Afghanistan,AFA,Afghani,1,Research and Development,709,7,180,1,5
3295,AF,Afghanistan,AFA,Afghani,1,Research and Development,709,7,180,1,5
16275,AF,Afghanistan,AFA,Afghani,1,Research and Development,709,7,180,1,5
13712,AF,Afghanistan,AFA,Afghani,1,Research and Development,709,7,180,1,5
999,AF,Afghanistan,AFA,Afghani,1,Research and Development,709,7,180,1,5
17527,AF,Afghanistan,AFA,Afghani,1,Research and Development,709,7,180,1,5
14008,AF,Afghanistan,AFA,Afghani,1,Research and Development,709,7,180,1,5
6434,AF,Afghanistan,AFA,Afghani,1,Research and Development,709,7,180,1,5
3530,AF,Afghanistan,AFA,Afghani,1,Research and Development,709,7,180,1,5
17284,AF,Afghanistan,AFA,Afghani,1,Research and Development,709,7,180,1,5
2532,AF,Afghanistan,AFA,Afghani,1,Research and Development,709,7,180,1,5
476,AF,Afghanistan,AFA,Afghani,1,Research and Development,709,7,180,1,5
9747,AF,Afghanistan,AFA,Afghani,1,Research and Development,709,7,180,1,5
18192,AF,Afghanistan,AFA,Afghani,1,Research and Development,709,7,180,1,5
15355,AF,Afghanistan,AFA,Afghani,1,Research and Development,709,7,180,1,5
12426,AF,Afghanistan,AFA,Afghani,1,Research and Development,709,7,180,1,5
6701,AF,Afghanistan,AFA,Afghani,1,Research and Development,709,7,180,1,5
10081,AF,Afghanistan,AFA,Afghani,1,Research and Development,709,7,180,1,5
5581,AF,Afghanistan,AFA,Afghani,1,Research and Development,709,7,180,1,5
3872,AF,Afghanistan,AFA,Afghani,1,Research and Development,709,7,180,1,5
17833,AF,Afghanistan,AFA,Afghani,1,Research and Development,709,7,180,1,5
9717,AF,Afghanistan,AFA,Afghani,1,Research and Development,709,7,180,1,5
16775,AF,Afghanistan,AFA,Afghani,1,Research and Development,709,7,180,1,5
2790,AF,Afghanistan,AFA,Afghani,1,Research and Development,709,7,180,1,5
10831,AF,Afghanistan,AFA,Afghani,1,Research and Development,709,7,180,1,5
12071,AF,Afghanistan,AFA,Afghani,1,Research and Development,709,7,180,1,5
9888,AF,Afghanistan,AFA,Afghani,1,Research and Development,709,7,180,1,5
8062,AF,Afghanistan,AFA,Afghani,1,Research and Development,709,7,180,1,5
2836,AF,Afghanistan,AFA,Afghani,1,Research and Development,709,7,180,1,5
11513,AF,Afghanistan,AFA,Afghani,1,Research and Development,709,7,180,1,5
914,AF,Afghanistan,AFA,Afghani,1,Research and Development,709,7,180,1,5
18923,AF,Afghanistan,AFA,Afghani,1,Research and Development,709,7,180,1,5
11953,AF,Afghanistan,AFA,Afghani,1,Research and Development,709,7,180,1,5
7247,AF,Afghanistan,AFA,Afghani,1,Research and Development,709,7,180,1,5
12316,AF,Afghanistan,AFA,Afghani,1,Research and Development,709,7,180,1,5
7224,AF,Afghanistan,AFA,Afghani,1,Research and Development,709,7,180,1,5
19797,AF,Afghanistan,AFA,Afghani,1,Research and Development,709,7,180,1,5
8340,AF,Afghanistan,AFA,Afghani,1,Research and Development,709,7,180,1,5
10197,AF,Afghanistan,AFA,Afghani,1,Research and Development,709,7,180,1,5
13182,AF,Afghanistan,AFA,Afghani,1,Research and Development,709,7,180,1,5
3094,AF,Afghanistan,AFA,Afghani,1,Research and Development,709,7,180,1,5
16335,AF,Afghanistan,AFA,Afghani,1,Research and Development,709,7,180,1,5
10367,AF,Afghanistan,AFA,Afghani,1,Research and Development,709,7,180,1,5
20601,AF,Afghanistan,AFA,Afghani,1,Research and Development,709,7,180,1,5
8671,AF,Afghanistan,AFA,Afghani,1,Research and Development,709,7,180,1,5
118,AF,Afghanistan,AFA,Afghani,1,Research and Development,709,7,180,1,5
16179,AF,Afghanistan,AFA,Afghani,1,Research and Development,709,7,180,1,5
1844,AF,Afghanistan,AFA,Afghani,1,Research and Development,709,7,180,1,5
18589,AF,Afghanistan,AFA,Afghani,1,Research and Development,709,7,180,1,5
15788,AF,Afghanistan,AFA,Afghani,1,Research and Development,709,7,180,1,5
10710,AF,Afghanistan,AFA,Afghani,1,Research and Development,709,7,180,1,5
13286,AF,Afghanistan,AFA,Afghani,1,Research and Development,709,7,180,1,5
2433,AF,Afghanistan,AFA,Afghani,1,Research and Development,709,7,180,1,5
5021,AF,Afghanistan,AFA,Afghani,1,Research and Development,709,7,180,1,5
20134,AF,Afghanistan,AFA,Afghani,1,Research and Development,709,7,180,1,5
7407,AF,Afghanistan,AFA,Afghani,1,Research and Development,709,7,180,1,5
17895,AF,Afghanistan,AFA,Afghani,1,Research and Development,709,7,180,1,5
2594,AF,Afghanistan,AFA,Afghani,1,Research and Development,709,7,180,1,5
14032,AF,Afghanistan,AFA,Afghani,1,Research and Development,709,7,180,1,5
16200,AF,Afghanistan,AFA,Afghani,1,Research and Development,709,7,180,1,5
10765,AF,Afghanistan,AFA,Afghani,1,Research and Development,709,7,180,1,5
15226,AF,Afghanistan,AFA,Afghani,1,Research and Development,709,7,180,1,5
19620,AF,Afghanistan,AFA,Afghani,1,Research and Development,709,7,180,1,5
6466,AF,Afghanistan,AFA,Afghani,1,Research and Development,709,7,180,1,5
1243,AF,Afghanistan,AFA,Afghani,1,Research and Development,709,7,180,1,5
4331,AF,Afghanistan,AFA,Afghani,1,Research and Development,709,7,180,1,5
18162,AF,Afghanistan,AFA,Afghani,1,Research and Development,709,7,180,1,5
15851,AF,Afghanistan,AFA,Afghani,1,Research and Development,709,7,180,1,5
12238,AF,Afghanistan,AFA,Afghani,1,Research and Development,709,7,180,1,5
1776,AF,Afghanistan,AFA,Afghani,1,Research and Development,709,7,180,1,5
6421,AF,Afghanistan,AFA,Afghani,1,Research and Development,709,7,180,1,5
18465,AF,Afghanistan,AFA,Afghani,1,Research and Development,709,7,180,1,5
19365,AF,Afghanistan,AFA,Afghani,1,Research and Development,709,7,180,1,5
13326,AF,Afghanistan,AFA,Afghani,1,Research and Development,709,7,180,1,5
10947,AF,Afghanistan,AFA,Afghani,1,Research and Development,709,7,180,1,5
308,AF,Afghanistan,AFA,Afghani,1,Research and Development,709,7,180,1,5
12204,AF,Afghanistan,AFA,Afghani,1,Research and Development,709,7,180,1,5
9586,AF,Afghanistan,AFA,Afghani,1,Research and Development,709,7,180,1,5
10570,AF,Afghanistan,AFA,Afghani,1,Research and Development,709,7,180,1,5
15330,AF,Afghanistan,AFA,Afghani,1,Research and Development,709,7,180,1,5
16906,AF,Afghanistan,AFA,Afghani,1,Research and Development,709,7,180,1,5
9585,AF,Afghanistan,AFA,Afghani,1,Research and Development,709,7,180,1,5
7424,AF,Afghanistan,AFA,Afghani,1,Research and Development,709,7,180,1,5
9710,AF,Afghanistan,AFA,Afghani,1,Research and Development,709,7,180,1,5
5947,AF,Afghanistan,AFA,Afghani,1,Research and Development,709,7,180,1,5
8803,AF,Afghanistan,AFA,Afghani,1,Research and Development,709,7,180,1,5
16991,AF,Afghanistan,AFA,Afghani,1,Research and Development,709,7,180,1,5
13082,AF,Afghanistan,AFA,Afghani,1,Research and Development,709,7,180,1,5
14115,AF,Afghanistan,AFA,Afghani,1,Research and Development,709,7,180,1,5
7718,AF,Afghanistan,AFA,Afghani,1,Research and Development,709,7,180,1,5
9095,AF,Afghanistan,AFA,Afghani,1,Research and Development,709,7,180,1,5
4104,AF,Afghanistan,AFA,Afghani,1,Research and Development,709,7,180,1,5
12199,AF,Afghanistan,AFA,Afghani,1,Research and Development,709,7,180,1,5
19860,AF,Afghanistan,AFA,Afghani,1,Research and Development,709,7,180,1,5
17504,AF,Afghanistan,AFA,Afghani,1,Research and Development,709,7,180,1,5
12267,AF,Afghanistan,AFA,Afghani,1,Research and Development,709,7,180,1,5
20432,AF,Afghanistan,AFA,Afghani,1,Research and Development,709,7,180,1,5
10209,AF,Afghanistan,AFA,Afghani,1,Research and Development,709,7,180,1,5
15957,AF,Afghanistan,AFA,Afghani,1,Research and Development,709,7,180,1,5
4018,AF,Afghanistan,AFA,Afghani,1,Research and Development,709,7,180,1,5
16529,AF,Afghanistan,AFA,Afghani,1,Research and Development,709,7,180,1,5
17777,AF,Afghanistan,AFA,Afghani,1,Research and Development,709,7,180,1,5
8647,AF,Afghanistan,AFA,Afghani,1,Research and Development,709,7,180,1,5
79,AF,Afghanistan,AFA,Afghani,1,Research and Development,709,7,180,1,5
6492,AF,Afghanistan,AFA,Afghani,1,Research and Development,709,7,180,1,5
2184,AF,Afghanistan,AFA,Afghani,1,Research and Development,709,7,180,1,5
5352,AF,Afghanistan,AFA,Afghani,1,Research and Development,709,7,180,1,5
6530,AF,Afghanistan,AFA,Afghani,1,Research and Development,709,7,180,1,5
14341,AF,Afghanistan,AFA,Afghani,1,Research and Development,709,7,180,1,5
8341,AF,Afghanistan,AFA,Afghani,1,Research and Development,709,7,180,1,5
14056,AF,Afghanistan,AFA,Afghani,1,Research and Development,709,7,180,1,5
18865,AF,Afghanistan,AFA,Afghani,1,Research and Development,709,7,180,1,5
2316,AF,Afghanistan,AFA,Afghani,1,Research and Development,709,7,180,1,5
11235,AF,Afghanistan,AFA,Afghani,1,Research and Development,709,7,180,1,5
17121,AF,Afghanistan,AFA,Afghani,1,Research and Development,709,7,180,1,5
4215,AF,Afghanistan,AFA,Afghani,1,Research and Development,709,7,180,1,5
6272,AF,Afghanistan,AFA,Afghani,1,Research and Development,709,7,180,1,5
20355,AF,Afghanistan,AFA,Afghani,1,Research and Development,709,7,180,1,5
9148,AF,Afghanistan,AFA,Afghani,1,Research and Development,709,7,180,1,5
7683,AF,Afghanistan,AFA,Afghani,1,Research and Development,709,7,180,1,5
1270,AF,Afghanistan,AFA,Afghani,1,Research and Development,709,7,180,1,5
18720,AF,Afghanistan,AFA,Afghani,1,Research and Development,709,7,180,1,5
17239,AF,Afghanistan,AFA,Afghani,1,Research and Development,709,7,180,1,5
11639,AF,Afghanistan,AFA,Afghani,1,Research and Development,709,7,180,1,5
13598,AF,Afghanistan,AFA,Afghani,1,Research and Development,709,7,180,1,5
3844,AF,Afghanistan,AFA,Afghani,1,Research and Development,709,7,180,1,5
15251,AF,Afghanistan,AFA,Afghani,1,Research and Development,709,7,180,1,5
14659,AF,Afghanistan,AFA,Afghani,1,Research and Development,709,7,180,1,5
810,AF,Afghanistan,AFA,Afghani,1,Research and Development,709,7,180,1,5
12404,AF,Afghanistan,AFA,Afghani,1,Research and Development,709,7,180,1,5
19927,AF,Afghanistan,AFA,Afghani,1,Research and Development,709,7,180,1,5
18932,AF,Afghanistan,AFA,Afghani,1,Research and Development,709,7,180,1,5
3317,AF,Afghanistan,AFA,Afghani,1,Research and Development,709,7,180,1,5
19451,AF,Afghanistan,AFA,Afghani,1,Research and Development,709,7,180,1,5
41,AF,Afghanistan,AFA,Afghani,1,Research and Development,709,7,180,1,5
20096,AF,Afghanistan,AFA,Afghani,1,Research and Development,709,7,180,1,5
11942,AF,Afghanistan,AFA,Afghani,1,Research and Development,709,7,180,1,5
8830,AF,Afghanistan,AFA,Afghani,1,Research and Development,709,7,180,1,5
1126,AF,Afghanistan,AFA,Afghani,1,Research and Development,709,7,180,1,5
9684,AF,Afghanistan,AFA,Afghani,1,Research and Development,709,7,180,1,5
14026,AF,Afghanistan,AFA,Afghani,1,Research and Development,709,7,180,1,5
14807,AF,Afghanistan,AFA,Afghani,1,Research and Development,709,7,180,1,5
12876,AF,Afghanistan,AFA,Afghani,1,Research and Development,709,7,180,1,5
18547,AF,Afghanistan,AFA,Afghani,1,Research and Development,709,7,180,1,5
8651,AF,Afghanistan,AFA,Afghani,1,Research and Development,709,7,180,1,5
19389,AF,Afghanistan,AFA,Afghani,1,Research and Development,709,7,180,1,5
595,AF,Afghanistan,AFA,Afghani,1,Research and Development,709,7,180,1,5
14254,AF,Afghanistan,AFA,Afghani,1,Research and Development,709,7,180,1,5
15643,AF,Afghanistan,AFA,Afghani,1,Research and Development,709,7,180,1,5
7055,AF,Afghanistan,AFA,Afghani,1,Research and Development,709,7,180,1,5
1862,AF,Afghanistan,AFA,Afghani,1,Research and Development,709,7,180,1,5
6401,AF,Afghanistan,AFA,Afghani,1,Research and Development,709,7,180,1,5
19622,AF,Afghanistan,AFA,Afghani,1,Research and Development,709,7,180,1,5
18223,AF,Afghanistan,AFA,Afghani,1,Research and Development,709,7,180,1,5
2749,AF,Afghanistan,AFA,Afghani,1,Research and Development,709,7,180,1,5
15064,AF,Afghanistan,AFA,Afghani,1,Research and Development,709,7,180,1,5
1551,AF,Afghanistan,AFA,Afghani,1,Research and Development,709,7,180,1,5
6961,AF,Afghanistan,AFA,Afghani,1,Research and Development,709,7,180,1,5
15570,AF,Afghanistan,AFA,Afghani,1,Research and Development,709,7,180,1,5
12453,AF,Afghanistan,AFA,Afghani,1,Research and Development,709,7,180,1,5
12301,AF,Afghanistan,AFA,Afghani,1,Research and Development,709,7,180,1,5
17367,AF,Afghanistan,AFA,Afghani,1,Research and Development,709,7,180,1,5
3586,AF,Afghanistan,AFA,Afghani,1,Research and Development,709,7,180,1,5
18988,AF,Afghanistan,AFA,Afghani,1,Research and Development,709,7,180,1,5
17077,AF,Afghanistan,AFA,Afghani,1,Research and Development,709,7,180,1,5
14842,AF,Afghanistan,AFA,Afghani,1,Research and Development,709,7,180,1,5
10305,AF,Afghanistan,AFA,Afghani,1,Research and Development,709,7,180,1,5
20061,AF,Afghanistan,AFA,Afghani,1,Research and Development,709,7,180,1,5
13771,AF,Afghanistan,AFA,Afghani,1,Research and Development,709,7,180,1,5
3384,AF,Afghanistan,AFA,Afghani,1,Research and Development,709,7,180,1,5
2737,AF,Afghanistan,AFA,Afghani,1,Research and Development,709,7,180,1,5
20746,AF,Afghanistan,AFA,Afghani,1,Research and Development,709,7,180,1,5
8760,AF,Afghanistan,AFA,Afghani,1,Research and Development,709,7,180,1,5
14810,AF,Afghanistan,AFA,Afghani,1,Research and Development,709,7,180,1,5
18974,AF,Afghanistan,AFA,Afghani,1,Research and Development,709,7,180,1,5
3293,AF,Afghanistan,AFA,Afghani,1,Research and Development,709,7,180,1,5
11014,AF,Afghanistan,AFA,Afghani,1,Research and Development,709,7,180,1,5
12622,AF,Afghanistan,AFA,Afghani,1,Research and Development,709,7,180,1,5
15229,AF,Afghanistan,AFA,Afghani,1,Research and Development,709,7,180,1,5
17848,AF,Afghanistan,AFA,Afghani,1,Research and Development,709,7,180,1,5
10609,AF,Afghanistan,AFA,Afghani,1,Research and Development,709,7,180,1,5
8608,AF,Afghanistan,AFA,Afghani,1,Research and Development,709,7,180,1,5
17354,AF,Afghanistan,AFA,Afghani,1,Research and Development,709,7,180,1,5
5465,AF,Afghanistan,AFA,Afghani,1,Research and Development,709,7,180,1,5
20734,AF,Afghanistan,AFA,Afghani,1,Research and Development,709,7,180,1,5
16656,AF,Afghanistan,AFA,Afghani,1,Research and Development,709,7,180,1,5
976,AF,Afghanistan,AFA,Afghani,1,Research and Development,709,7,180,1,5
11794,AF,Afghanistan,AFA,Afghani,1,Research and Development,709,7,180,1,5
10838,AF,Afghanistan,AFA,Afghani,1,Research and Development,709,7,180,1,5
18596,AF,Afghanistan,AFA,Afghani,1,Research and Development,709,7,180,1,5
2858,AF,Afghanistan,AFA,Afghani,1,Research and Development,709,7,180,1,5
3818,AF,Afghanistan,AFA,Afghani,1,Research and Development,709,7,180,1,5
10157,AF,Afghanistan,AFA,Afghani,1,Research and Development,709,7,180,1,5
18472,AF,Afghanistan,AFA,Afghani,1,Research and Development,709,7,180,1,5
5357,AF,Afghanistan,AFA,Afghani,1,Research and Development,709,7,180,1,5
10806,AF,Afghanistan,AFA,Afghani,1,Research and Development,709,7,180,1,5
17672,AF,Afghanistan,AFA,Afghani,1,Research and Development,709,7,180,1,5
12230,AF,Afghanistan,AFA,Afghani,1,Research and Development,709,7,180,1,5
4667,AF,Afghanistan,AFA,Afghani,1,Research and Development,709,7,180,1,5
3741,AF,Afghanistan,AFA,Afghani,1,Research and Development,709,7,180,1,5
7000,AF,Afghanistan,AFA,Afghani,1,Research and Development,709,7,180,1,5
19735,AF,Afghanistan,AFA,Afghani,1,Research and Development,709,7,180,1,5
8045,AF,Afghanistan,AFA,Afghani,1,Research and Development,709,7,180,1,5
19904,AF,Afghanistan,AFA,Afghani,1,Research and Development,709,7,180,1,5
11015,AF,Afghanistan,AFA,Afghani,1,Research and Development,709,7,180,1,5
4359,AF,Afghanistan,AFA,Afghani,1,Research and Development,709,7,180,1,5
8380,AF,Afghanistan,AFA,Afghani,1,Research and Development,709,7,180,1,5
16148,AF,Afghanistan,AFA,Afghani,1,Research and Development,709,7,180,1,5
1583,AF,Afghanistan,AFA,Afghani,1,Research and Development,709,7,180,1,5
11885,AF,Afghanistan,AFA,Afghani,1,Research and Development,709,7,180,1,5
16897,AF,Afghanistan,AFA,Afghani,1,Research and Development,709,7,180,1,5
2015,AF,Afghanistan,AFA,Afghani,1,Research and Development,709,7,180,1,5
5429,AF,Afghanistan,AFA,Afghani,1,Research and Development,709,7,180,1,5
13371,AF,Afghanistan,AFA,Afghani,1,Research and Development,709,7,180,1,5
4640,AF,Afghanistan,AFA,Afghani,1,Research and Development,709,7,180,1,5
4263,AF,Afghanistan,AFA,Afghani,1,Research and Development,709,7,180,1,5
10548,AF,Afghanistan,AFA,Afghani,1,Research and Development,709,7,180,1,5
16460,AF,Afghanistan,AFA,Afghani,1,Research and Development,709,7,180,1,5
16648,AF,Afghanistan,AFA,Afghani,1,Research and Development,709,7,180,1,5
2146,AF,Afghanistan,AFA,Afghani,1,Research and Development,709,7,180,1,5
15756,AF,Afghanistan,AFA,Afghani,1,Research and Development,709,7,180,1,5
2303,AF,Afghanistan,AFA,Afghani,1,Research and Development,709,7,180,1,5
5717,AF,Afghanistan,AFA,Afghani,1,Research and Development,709,7,180,1,5
8881,AF,Afghanistan,AFA,Afghani,1,Research and Development,709,7,180,1,5
8693,AF,Afghanistan,AFA,Afghani,1,Research and Development,709,7,180,1,5
5384,AF,Afghanistan,AFA,Afghani,1,Research and Development,709,7,180,1,5
10866,AF,Afghanistan,AFA,Afghani,1,Research and Development,709,7,180,1,5
5709,AF,Afghanistan,AFA,Afghani,1,Research and Development,709,7,180,1,5
3344,AF,Afghanistan,AFA,Afghani,1,Research and Development,709,7,180,1,5
9842,AF,Afghanistan,AFA,Afghani,1,Research and Development,709,7,180,1,5
9507,AF,Afghanistan,AFA,Afghani,1,Research and Development,709,7,180,1,5
19402,AF,Afghanistan,AFA,Afghani,1,Research and Development,709,7,180,1,5
9825,AF,Afghanistan,AFA,Afghani,1,Research and Development,709,7,180,1,5
6450,AF,Afghanistan,AFA,Afghani,1,Research and Development,709,7,180,1,5
8235,AF,Afghanistan,AFA,Afghani,1,Research and Development,709,7,180,1,5
8240,AF,Afghanistan,AFA,Afghani,1,Research and Development,709,7,180,1,5
14841,AF,Afghanistan,AFA,Afghani,1,Research and Development,709,7,180,1,5
16064,AF,Afghanistan,AFA,Afghani,1,Research and Development,709,7,180,1,5
1986,AF,Afghanistan,AFA,Afghani,1,Research and Development,709,7,180,1,5
11358,AF,Afghanistan,AFA,Afghani,1,Research and Development,709,7,180,1,5
1017,AF,Afghanistan,AFA,Afghani,1,Research and Development,709,7,180,1,5
278,AF,Afghanistan,AFA,Afghani,1,Research and Development,709,7,180,1,5
8544,AF,Afghanistan,AFA,Afghani,1,Research and Development,709,7,180,1,5
13875,AF,Afghanistan,AFA,Afghani,1,Research and Development,709,7,180,1,5
13778,AF,Afghanistan,AFA,Afghani,1,Research and Development,709,7,180,1,5
4468,AF,Afghanistan,AFA,Afghani,1,Research and Development,709,7,180,1,5
18522,AF,Afghanistan,AFA,Afghani,1,Research and Development,709,7,180,1,5
4592,AF,Afghanistan,AFA,Afghani,1,Research and Development,709,7,180,1,5
19688,AF,Afghanistan,AFA,Afghani,1,Research and Development,709,7,180,1,5
16976,AF,Afghanistan,AFA,Afghani,1,Research and Development,709,7,180,1,5
1668,AF,Afghanistan,AFA,Afghani,1,Research and Development,709,7,180,1,5
16558,AF,Afghanistan,AFA,Afghani,1,Research and Development,709,7,180,1,5
6868,AF,Afghanistan,AFA,Afghani,1,Research and Development,709,7,180,1,5
7627,AF,Afghanistan,AFA,Afghani,1,Research and Development,709,7,180,1,5
20659,AF,Afghanistan,AFA,Afghani,1,Research and Development,709,7,180,1,5
7589,AF,Afghanistan,AFA,Afghani,1,Research and Development,709,7,180,1,5
11274,AF,Afghanistan,AFA,Afghani,1,Research and Development,709,7,180,1,5
7007,AF,Afghanistan,AFA,Afghani,1,Research and Development,709,7,180,1,5
14419,AF,Afghanistan,AFA,Afghani,1,Research and Development,709,7,180,1,5
7666,AF,Afghanistan,AFA,Afghani,1,Research and Development,709,7,180,1,5
5232,AF,Afghanistan,AFA,Afghani,1,Research and Development,709,7,180,1,5
8164,AF,Afghanistan,AFA,Afghani,1,Research and Development,709,7,180,1,5
2511,AF,Afghanistan,AFA,Afghani,1,Research and Development,709,7,180,1,5
12369,AF,Afghanistan,AFA,Afghani,1,Research and Development,709,7,180,1,5
7266,AF,Afghanistan,AFA,Afghani,1,Research and Development,709,7,180,1,5
8509,AF,Afghanistan,AFA,Afghani,1,Research and Development,709,7,180,1,5
953,AF,Afghanistan,AFA,Afghani,1,Research and Development,709,7,180,1,5
20339,AF,Afghanistan,AFA,Afghani,1,Research and Development,709,7,180,1,5
8730,AF,Afghanistan,AFA,Afghani,1,Research and Development,709,7,180,1,5
12968,AF,Afghanistan,AFA,Afghani,1,Research and Development,709,7,180,1,5
19746,AF,Afghanistan,AFA,Afghani,1,Research and Development,709,7,180,1,5
14692,AF,Afghanistan,AFA,Afghani,1,Research and Development,709,7,180,1,5
8620,AF,Afghanistan,AFA,Afghani,1,Research and Development,709,7,180,1,5
6669,AF,Afghanistan,AFA,Afghani,1,Research and Development,709,7,180,1,5
10060,AF,Afghanistan,AFA,Afghani,1,Research and Development,709,7,180,1,5
15353,AF,Afghanistan,AFA,Afghani,1,Research and Development,709,7,180,1,5
7581,AF,Afghanistan,AFA,Afghani,1,Research and Development,709,7,180,1,5
6682,AF,Afghanistan,AFA,Afghani,1,Research and Development,709,7,180,1,5
3961,AF,Afghanistan,AFA,Afghani,1,Research and Development,709,7,180,1,5
14392,AF,Afghanistan,AFA,Afghani,1,Research and Development,709,7,180,1,5
19794,AF,Afghanistan,AFA,Afghani,1,Research and Development,709,7,180,1,5
7622,AF,Afghanistan,AFA,Afghani,1,Research and Development,709,7,180,1,5
4074,AF,Afghanistan,AFA,Afghani,1,Research and Development,709,7,180,1,5
8976,AF,Afghanistan,AFA,Afghani,1,Research and Development,709,7,180,1,5
6841,AF,Afghanistan,AFA,Afghani,1,Research and Development,709,7,180,1,5
19370,AF,Afghanistan,AFA,Afghani,1,Research and Development,709,7,180,1,5
19916,AF,Afghanistan,AFA,Afghani,1,Research and Development,709,7,180,1,5
1596,AF,Afghanistan,AFA,Afghani,1,Research and Development,709,7,180,1,5
4550,AF,Afghanistan,AFA,Afghani,1,Research and Development,709,7,180,1,5
5759,AF,Afghanistan,AFA,Afghani,1,Research and Development,709,7,180,1,5
11925,AF,Afghanistan,AFA,Afghani,1,Research and Development,709,7,180,1,5
11094,AF,Afghanistan,AFA,Afghani,1,Research and Development,709,7,180,1,5
13080,AF,Afghanistan,AFA,Afghani,1,Research and Development,709,7,180,1,5
12040,AF,Afghanistan,AFA,Afghani,1,Research and Development,709,7,180,1,5
19875,AF,Afghanistan,AFA,Afghani,1,Research and Development,709,7,180,1,5
2691,AF,Afghanistan,AFA,Afghani,1,Research and Development,709,7,180,1,5
10779,AF,Afghanistan,AFA,Afghani,1,Research and Development,709,7,180,1,5
11761,AF,Afghanistan,AFA,Afghani,1,Research and Development,709,7,180,1,5
1517,AF,Afghanistan,AFA,Afghani,1,Research and Development,709,7,180,1,5
4655,AF,Afghanistan,AFA,Afghani,1,Research and Development,709,7,180,1,5
2825,AF,Afghanistan,AFA,Afghani,1,Research and Development,709,7,180,1,5
1598,AF,Afghanistan,AFA,Afghani,1,Research and Development,709,7,180,1,5
17836,AF,Afghanistan,AFA,Afghani,1,Research and Development,709,7,180,1,5
11215,AF,Afghanistan,AFA,Afghani,1,Research and Development,709,7,180,1,5
228,AF,Afghanistan,AFA,Afghani,1,Research and Development,709,7,180,1,5
1724,AF,Afghanistan,AFA,Afghani,1,Research and Development,709,7,180,1,5
17927,AF,Afghanistan,AFA,Afghani,1,Research and Development,709,7,180,1,5
11572,AF,Afghanistan,AFA,Afghani,1,Research and Development,709,7,180,1,5
2757,AF,Afghanistan,AFA,Afghani,1,Research and Development,709,7,180,1,5
18479,AF,Afghanistan,AFA,Afghani,1,Research and Development,709,7,180,1,5
7595,AF,Afghanistan,AFA,Afghani,1,Research and Development,709,7,180,1,5
11558,AF,Afghanistan,AFA,Afghani,1,Research and Development,709,7,180,1,5
8153,AF,Afghanistan,AFA,Afghani,1,Research and Development,709,7,180,1,5
17799,AF,Afghanistan,AFA,Afghani,1,Research and Development,709,7,180,1,5
10411,AF,Afghanistan,AFA,Afghani,1,Research and Development,709,7,180,1,5
12390,AF,Afghanistan,AFA,Afghani,1,Research and Development,709,7,180,1,5
534,AF,Afghanistan,AFA,Afghani,1,Research and Development,709,7,180,1,5
18726,AF,Afghanistan,AFA,Afghani,1,Research and Development,709,7,180,1,5
12439,AF,Afghanistan,AFA,Afghani,1,Research and Development,709,7,180,1,5
8155,AF,Afghanistan,AFA,Afghani,1,Research and Development,709,7,180,1,5
16341,AF,Afghanistan,AFA,Afghani,1,Research and Development,709,7,180,1,5
11543,AF,Afghanistan,AFA,Afghani,1,Research and Development,709,7,180,1,5
11695,AF,Afghanistan,AFA,Afghani,1,Research and Development,709,7,180,1,5
11847,AF,Afghanistan,AFA,Afghani,1,Research and Development,709,7,180,1,5
5642,AF,Afghanistan,AFA,Afghani,1,Research and Development,709,7,180,1,5
17899,AF,Afghanistan,AFA,Afghani,1,Research and Development,709,7,180,1,5
12564,AF,Afghanistan,AFA,Afghani,1,Research and Development,709,7,180,1,5
5277,AF,Afghanistan,AFA,Afghani,1,Research and Development,709,7,180,1,5
3409,AF,Afghanistan,AFA,Afghani,1,Research and Development,709,7,180,1,5
3968,AF,Afghanistan,AFA,Afghani,1,Research and Development,709,7,180,1,5
15831,AF,Afghanistan,AFA,Afghani,1,Research and Development,709,7,180,1,5
13746,AF,Afghanistan,AFA,Afghani,1,Research and Development,709,7,180,1,5
5960,AF,Afghanistan,AFA,Afghani,1,Research and Development,709,7,180,1,5
571,AF,Afghanistan,AFA,Afghani,1,Research and Development,709,7,180,1,5
1952,AF,Afghanistan,AFA,Afghani,1,Research and Development,709,7,180,1,5
8602,AF,Afghanistan,AFA,Afghani,1,Research and Development,709,7,180,1,5
10965,AF,Afghanistan,AFA,Afghani,1,Research and Development,709,7,180,1,5
6729,AF,Afghanistan,AFA,Afghani,1,Research and Development,709,7,180,1,5
12008,AF,Afghanistan,AFA,Afghani,1,Research and Development,709,7,180,1,5
19962,AF,Afghanistan,AFA,Afghani,1,Research and Development,709,7,180,1,5
6741,AF,Afghanistan,AFA,Afghani,1,Research and Development,709,7,180,1,5
9498,AF,Afghanistan,AFA,Afghani,1,Research and Development,709,7,180,1,5
2624,AF,Afghanistan,AFA,Afghani,1,Research and Development,709,7,180,1,5
4327,AF,Afghanistan,AFA,Afghani,1,Research and Development,709,7,180,1,5
18773,AF,Afghanistan,AFA,Afghani,1,Research and Development,709,7,180,1,5
12677,AF,Afghanistan,AFA,Afghani,1,Research and Development,709,7,180,1,5
14077,AF,Afghanistan,AFA,Afghani,1,Research and Development,709,7,180,1,5
10953,AF,Afghanistan,AFA,Afghani,1,Research and Development,709,7,180,1,5
13928,AF,Afghanistan,AFA,Afghani,1,Research and Development,709,7,180,1,5
18933,AF,Afghanistan,AFA,Afghani,1,Research and Development,709,7,180,1,5
13733,AF,Afghanistan,AFA,Afghani,1,Research and Development,709,7,180,1,5
1226,AF,Afghanistan,AFA,Afghani,1,Research and Development,709,7,180,1,5
11846,AF,Afghanistan,AFA,Afghani,1,Research and Development,709,7,180,1,5
12246,AF,Afghanistan,AFA,Afghani,1,Research and Development,709,7,180,1,5
3179,AF,Afghanistan,AFA,Afghani,1,Research and Development,709,7,180,1,5
14524,AF,Afghanistan,AFA,Afghani,1,Research and Development,709,7,180,1,5
14035,AF,Afghanistan,AFA,Afghani,1,Research and Development,709,7,180,1,5
7091,AF,Afghanistan,AFA,Afghani,1,Research and Development,709,7,180,1,5
2474,AF,Afghanistan,AFA,Afghani,1,Research and Development,709,7,180,1,5
8357,AF,Afghanistan,AFA,Afghani,1,Research and Development,709,7,180,1,5
7820,AF,Afghanistan,AFA,Afghani,1,Research and Development,709,7,180,1,5
17722,AF,Afghanistan,AFA,Afghani,1,Research and Development,709,7,180,1,5
10269,AF,Afghanistan,AFA,Afghani,1,Research and Development,709,7,180,1,5
6968,AF,Afghanistan,AFA,Afghani,1,Research and Development,709,7,180,1,5
8614,AF,Afghanistan,AFA,Afghani,1,Research and Development,709,7,180,1,5
8553,AF,Afghanistan,AFA,Afghani,1,Research and Development,709,7,180,1,5
12969,AF,Afghanistan,AFA,Afghani,1,Research and Development,709,7,180,1,5
16608,AF,Afghanistan,AFA,Afghani,1,Research and Development,709,7,180,1,5
12086,AF,Afghanistan,AFA,Afghani,1,Research and Development,709,7,180,1,5
18535,AF,Afghanistan,AFA,Afghani,1,Research and Development,709,7,180,1,5
7684,AF,Afghanistan,AFA,Afghani,1,Research and Development,709,7,180,1,5
3643,AF,Afghanistan,AFA,Afghani,1,Research and Development,709,7,180,1,5
12387,AF,Afghanistan,AFA,Afghani,1,Research and Development,709,7,180,1,5
11693,AF,Afghanistan,AFA,Afghani,1,Research and Development,709,7,180,1,5
6882,AF,Afghanistan,AFA,Afghani,1,Research and Development,709,7,180,1,5
13312,AF,Afghanistan,AFA,Afghani,1,Research and Development,709,7,180,1,5
684,AF,Afghanistan,AFA,Afghani,1,Research and Development,709,7,180,1,5
20511,AF,Afghanistan,AFA,Afghani,1,Research and Development,709,7,180,1,5
4205,AF,Afghanistan,AFA,Afghani,1,Research and Development,709,7,180,1,5
3569,AF,Afghanistan,AFA,Afghani,1,Research and Development,709,7,180,1,5
2917,AF,Afghanistan,AFA,Afghani,1,Research and Development,709,7,180,1,5
16626,AF,Afghanistan,AFA,Afghani,1,Research and Development,709,7,180,1,5
20185,AF,Afghanistan,AFA,Afghani,1,Research and Development,709,7,180,1,5
13742,AF,Afghanistan,AFA,Afghani,1,Research and Development,709,7,180,1,5
6965,AF,Afghanistan,AFA,Afghani,1,Research and Development,709,7,180,1,5
20752,AF,Afghanistan,AFA,Afghani,1,Research and Development,709,7,180,1,5
16908,AF,Afghanistan,AFA,Afghani,1,Research and Development,709,7,180,1,5
8873,AF,Afghanistan,AFA,Afghani,1,Research and Development,709,7,180,1,5
18759,AF,Afghanistan,AFA,Afghani,1,Research and Development,709,7,180,1,5
12240,AF,Afghanistan,AFA,Afghani,1,Research and Development,709,7,180,1,5
19047,AF,Afghanistan,AFA,Afghani,1,Research and Development,709,7,180,1,5
7036,AF,Afghanistan,AFA,Afghani,1,Research and Development,709,7,180,1,5
14660,AF,Afghanistan,AFA,Afghani,1,Research and Development,709,7,180,1,5
15640,AF,Afghanistan,AFA,Afghani,1,Research and Development,709,7,180,1,5
18613,AF,Afghanistan,AFA,Afghani,1,Research and Development,709,7,180,1,5
3925,AF,Afghanistan,AFA,Afghani,1,Research and Development,709,7,180,1,5
18400,AF,Afghanistan,AFA,Afghani,1,Research and Development,709,7,180,1,5
8139,AF,Afghanistan,AFA,Afghani,1,Research and Development,709,7,180,1,5
7368,AF,Afghanistan,AFA,Afghani,1,Research and Development,709,7,180,1,5
14709,AF,Afghanistan,AFA,Afghani,1,Research and Development,709,7,180,1,5
10448,AF,Afghanistan,AFA,Afghani,1,Research and Development,709,7,180,1,5
1609,AF,Afghanistan,AFA,Afghani,1,Research and Development,709,7,180,1,5
8180,AF,Afghanistan,AFA,Afghani,1,Research and Development,709,7,180,1,5
6755,AF,Afghanistan,AFA,Afghani,1,Research and Development,709,7,180,1,5
6231,AF,Afghanistan,AFA,Afghani,1,Research and Development,709,7,180,1,5
2108,AF,Afghanistan,AFA,Afghani,1,Research and Development,709,7,180,1,5
5271,AF,Afghanistan,AFA,Afghani,1,Research and Development,709,7,180,1,5
1677,AF,Afghanistan,AFA,Afghani,1,Research and Development,709,7,180,1,5
12221,AF,Afghanistan,AFA,Afghani,1,Research and Development,709,7,180,1,5
15409,AF,Afghanistan,AFA,Afghani,1,Research and Development,709,7,180,1,5
12140,AF,Afghanistan,AFA,Afghani,1,Research and Development,709,7,180,1,5
9477,AF,Afghanistan,AFA,Afghani,1,Research and Development,709,7,180,1,5
11483,AF,Afghanistan,AFA,Afghani,1,Research and Development,709,7,180,1,5
5731,AF,Afghanistan,AFA,Afghani,1,Research and Development,709,7,180,1,5
5921,AF,Afghanistan,AFA,Afghani,1,Research and Development,709,7,180,1,5
7632,AF,Afghanistan,AFA,Afghani,1,Research and Development,709,7,180,1,5
13858,AF,Afghanistan,AFA,Afghani,1,Research and Development,709,7,180,1,5
16534,AF,Afghanistan,AFA,Afghani,1,Research and Development,709,7,180,1,5
1687,AF,Afghanistan,AFA,Afghani,1,Research and Development,709,7,180,1,5
20235,AF,Afghanistan,AFA,Afghani,1,Research and Development,709,7,180,1,5
20193,AF,Afghanistan,AFA,Afghani,1,Research and Development,709,7,180,1,5
1873,AF,Afghanistan,AFA,Afghani,1,Research and Development,709,7,180,1,5
16421,AF,Afghanistan,AFA,Afghani,1,Research and Development,709,7,180,1,5
599,AF,Afghanistan,AFA,Afghani,1,Research and Development,709,7,180,1,5
20340,AF,Afghanistan,AFA,Afghani,1,Research and Development,709,7,180,1,5
3231,AF,Afghanistan,AFA,Afghani,1,Research and Development,709,7,180,1,5
5319,AF,Afghanistan,AFA,Afghani,1,Research and Development,709,7,180,1,5
9218,AF,Afghanistan,AFA,Afghani,1,Research and Development,709,7,180,1,5
16762,AF,Afghanistan,AFA,Afghani,1,Research and Development,709,7,180,1,5
11145,AF,Afghanistan,AFA,Afghani,1,Research and Development,709,7,180,1,5
14204,AF,Afghanistan,AFA,Afghani,1,Research and Development,709,7,180,1,5
6893,AF,Afghanistan,AFA,Afghani,1,Research and Development,709,7,180,1,5
3781,AF,Afghanistan,AFA,Afghani,1,Research and Development,709,7,180,1,5
11754,AF,Afghanistan,AFA,Afghani,1,Research and Development,709,7,180,1,5
20413,AF,Afghanistan,AFA,Afghani,1,Research and Development,709,7,180,1,5
2078,AF,Afghanistan,AFA,Afghani,1,Research and Development,709,7,180,1,5
1833,AF,Afghanistan,AFA,Afghani,1,Research and Development,709,7,180,1,5
14023,AF,Afghanistan,AFA,Afghani,1,Research and Development,709,7,180,1,5
4543,AF,Afghanistan,AFA,Afghani,1,Research and Development,709,7,180,1,5
4030,AF,Afghanistan,AFA,Afghani,1,Research and Development,709,7,180,1,5
19213,AF,Afghanistan,AFA,Afghani,1,Research and Development,709,7,180,1,5
5252,AF,Afghanistan,AFA,Afghani,1,Research and Development,709,7,180,1,5
1485,AF,Afghanistan,AFA,Afghani,1,Research and Development,709,7,180,1,5
8784,AF,Afghanistan,AFA,Afghani,1,Research and Development,709,7,180,1,5
3423,AF,Afghanistan,AFA,Afghani,1,Research and Development,709,7,180,1,5
16938,AF,Afghanistan,AFA,Afghani,1,Research and Development,709,7,180,1,5
7830,AF,Afghanistan,AFA,Afghani,1,Research and Development,709,7,180,1,5
15117,AF,Afghanistan,AFA,Afghani,1,Research and Development,709,7,180,1,5
17599,AF,Afghanistan,AFA,Afghani,1,Research and Development,709,7,180,1,5
8465,AF,Afghanistan,AFA,Afghani,1,Research and Development,709,7,180,1,5
18693,AF,Afghanistan,AFA,Afghani,1,Research and Development,709,7,180,1,5
1678,AF,Afghanistan,AFA,Afghani,1,Research and Development,709,7,180,1,5
18282,AF,Afghanistan,AFA,Afghani,1,Research and Development,709,7,180,1,5
8408,AF,Afghanistan,AFA,Afghani,1,Research and Development,709,7,180,1,5
5077,AF,Afghanistan,AFA,Afghani,1,Research and Development,709,7,180,1,5
19186,AF,Afghanistan,AFA,Afghani,1,Research and Development,709,7,180,1,5
17622,AF,Afghanistan,AFA,Afghani,1,Research and Development,709,7,180,1,5
20513,AF,Afghanistan,AFA,Afghani,1,Research and Development,709,7,180,1,5
14979,AF,Afghanistan,AFA,Afghani,1,Research and Development,709,7,180,1,5
5539,AF,Afghanistan,AFA,Afghani,1,Research and Development,709,7,180,1,5
9153,AF,Afghanistan,AFA,Afghani,1,Research and Development,709,7,180,1,5
14206,AF,Afghanistan,AFA,Afghani,1,Research and Development,709,7,180,1,5
18723,AF,Afghanistan,AFA,Afghani,1,Research and Development,709,7,180,1,5
20322,AF,Afghanistan,AFA,Afghani,1,Research and Development,709,7,180,1,5
7136,AF,Afghanistan,AFA,Afghani,1,Research and Development,709,7,180,1,5
882,AF,Afghanistan,AFA,Afghani,1,Research and Development,709,7,180,1,5
6523,AF,Afghanistan,AFA,Afghani,1,Research and Development,709,7,180,1,5
13613,AF,Afghanistan,AFA,Afghani,1,Research and Development,709,7,180,1,5
15646,AF,Afghanistan,AFA,Afghani,1,Research and Development,709,7,180,1,5
14700,AF,Afghanistan,AFA,Afghani,1,Research and Development,709,7,180,1,5
12381,AF,Afghanistan,AFA,Afghani,1,Research and Development,709,7,180,1,5
16715,AF,Afghanistan,AFA,Afghani,1,Research and Development,709,7,180,1,5
5090,AF,Afghanistan,AFA,Afghani,1,Research and Development,709,7,180,1,5
12068,AF,Afghanistan,AFA,Afghani,1,Research and Development,709,7,180,1,5
15285,AF,Afghanistan,AFA,Afghani,1,Research and Development,709,7,180,1,5
2748,AF,Afghanistan,AFA,Afghani,1,Research and Development,709,7,180,1,5
14487,AF,Afghanistan,AFA,Afghani,1,Research and Development,709,7,180,1,5
18627,AF,Afghanistan,AFA,Afghani,1,Research and Development,709,7,180,1,5
1853,AF,Afghanistan,AFA,Afghani,1,Research and Development,709,7,180,1,5
3835,AF,Afghanistan,AFA,Afghani,1,Research and Development,709,7,180,1,5
8951,AF,Afghanistan,AFA,Afghani,1,Research and Development,709,7,180,1,5
15491,AF,Afghanistan,AFA,Afghani,1,Research and Development,709,7,180,1,5
8156,AF,Afghanistan,AFA,Afghani,1,Research and Development,709,7,180,1,5
20327,AF,Afghanistan,AFA,Afghani,1,Research and Development,709,7,180,1,5
14049,AF,Afghanistan,AFA,Afghani,1,Research and Development,709,7,180,1,5
7143,AF,Afghanistan,AFA,Afghani,1,Research and Development,709,7,180,1,5
12034,AF,Afghanistan,AFA,Afghani,1,Research and Development,709,7,180,1,5
19149,AF,Afghanistan,AFA,Afghani,1,Research and Development,709,7,180,1,5
8167,AF,Afghanistan,AFA,Afghani,1,Research and Development,709,7,180,1,5
10412,AF,Afghanistan,AFA,Afghani,1,Research and Development,709,7,180,1,5
8708,AF,Afghanistan,AFA,Afghani,1,Research and Development,709,7,180,1,5
15568,AF,Afghanistan,AFA,Afghani,1,Research and Development,709,7,180,1,5
16746,AF,Afghanistan,AFA,Afghani,1,Research and Development,709,7,180,1,5
15820,AF,Afghanistan,AFA,Afghani,1,Research and Development,709,7,180,1,5
9920,AF,Afghanistan,AFA,Afghani,1,Research and Development,709,7,180,1,5
8739,AF,Afghanistan,AFA,Afghani,1,Research and Development,709,7,180,1,5
14041,AF,Afghanistan,AFA,Afghani,1,Research and Development,709,7,180,1,5
4113,AF,Afghanistan,AFA,Afghani,1,Research and Development,709,7,180,1,5
4503,AF,Afghanistan,AFA,Afghani,1,Research and Development,709,7,180,1,5
10605,AF,Afghanistan,AFA,Afghani,1,Research and Development,709,7,180,1,5
6371,AF,Afghanistan,AFA,Afghani,1,Research and Development,709,7,180,1,5
6011,AF,Afghanistan,AFA,Afghani,1,Research and Development,709,7,180,1,5
1083,AF,Afghanistan,AFA,Afghani,1,Research and Development,709,7,180,1,5
8847,AF,Afghanistan,AFA,Afghani,1,Research and Development,709,7,180,1,5
10205,AF,Afghanistan,AFA,Afghani,1,Research and Development,709,7,180,1,5
1628,AF,Afghanistan,AFA,Afghani,1,Research and Development,709,7,180,1,5
1118,AF,Afghanistan,AFA,Afghani,1,Research and Development,709,7,180,1,5
5411,AF,Afghanistan,AFA,Afghani,1,Research and Development,709,7,180,1,5
1103,AF,Afghanistan,AFA,Afghani,1,Research and Development,709,7,180,1,5
15382,AF,Afghanistan,AFA,Afghani,1,Research and Development,709,7,180,1,5
2085,AF,Afghanistan,AFA,Afghani,1,Research and Development,709,7,180,1,5
3149,AF,Afghanistan,AFA,Afghani,1,Research and Development,709,7,180,1,5
13027,AF,Afghanistan,AFA,Afghani,1,Research and Development,709,7,180,1,5
5170,AF,Afghanistan,AFA,Afghani,1,Research and Development,709,7,180,1,5
982,AF,Afghanistan,AFA,Afghani,1,Research and Development,709,7,180,1,5
19595,AF,Afghanistan,AFA,Afghani,1,Research and Development,709,7,180,1,5
18790,AF,Afghanistan,AFA,Afghani,1,Research and Development,709,7,180,1,5
16577,AF,Afghanistan,AFA,Afghani,1,Research and Development,709,7,180,1,5
13413,AF,Afghanistan,AFA,Afghani,1,Research and Development,709,7,180,1,5
15598,AF,Afghanistan,AFA,Afghani,1,Research and Development,709,7,180,1,5
11187,AF,Afghanistan,AFA,Afghani,1,Research and Development,709,7,180,1,5
16907,AF,Afghanistan,AFA,Afghani,1,Research and Development,709,7,180,1,5
17304,AF,Afghanistan,AFA,Afghani,1,Research and Development,709,7,180,1,5
13983,AF,Afghanistan,AFA,Afghani,1,Research and Development,709,7,180,1,5
19056,AF,Afghanistan,AFA,Afghani,1,Research and Development,709,7,180,1,5
19361,AF,Afghanistan,AFA,Afghani,1,Research and Development,709,7,180,1,5
9496,AF,Afghanistan,AFA,Afghani,1,Research and Development,709,7,180,1,5
16980,AF,Afghanistan,AFA,Afghani,1,Research and Development,709,7,180,1,5
2335,AF,Afghanistan,AFA,Afghani,1,Research and Development,709,7,180,1,5
19421,AF,Afghanistan,AFA,Afghani,1,Research and Development,709,7,180,1,5
3862,AF,Afghanistan,AFA,Afghani,1,Research and Development,709,7,180,1,5
11486,AF,Afghanistan,AFA,Afghani,1,Research and Development,709,7,180,1,5
11372,AF,Afghanistan,AFA,Afghani,1,Research and Development,709,7,180,1,5
13892,AF,Afghanistan,AFA,Afghani,1,Research and Development,709,7,180,1,5
17881,AF,Afghanistan,AFA,Afghani,1,Research and Development,709,7,180,1,5
17552,AF,Afghanistan,AFA,Afghani,1,Research and Development,709,7,180,1,5
5710,AF,Afghanistan,AFA,Afghani,1,Research and Development,709,7,180,1,5
4416,AF,Afghanistan,AFA,Afghani,1,Research and Development,709,7,180,1,5
8856,AF,Afghanistan,AFA,Afghani,1,Research and Development,709,7,180,1,5
14779,AF,Afghanistan,AFA,Afghani,1,Research and Development,709,7,180,1,5
18513,AF,Afghanistan,AFA,Afghani,1,Research and Development,709,7,180,1,5
15373,AF,Afghanistan,AFA,Afghani,1,Research and Development,709,7,180,1,5
5189,AF,Afghanistan,AFA,Afghani,1,Research and Development,709,7,180,1,5
14679,AF,Afghanistan,AFA,Afghani,1,Research and Development,709,7,180,1,5
6569,AF,Afghanistan,AFA,Afghani,1,Research and Development,709,7,180,1,5
10553,AF,Afghanistan,AFA,Afghani,1,Research and Development,709,7,180,1,5
17608,AF,Afghanistan,AFA,Afghani,1,Research and Development,709,7,180,1,5
2206,AF,Afghanistan,AFA,Afghani,1,Research and Development,709,7,180,1,5
13228,AF,Afghanistan,AFA,Afghani,1,Research and Development,709,7,180,1,5
1803,AF,Afghanistan,AFA,Afghani,1,Research and Development,709,7,180,1,5
16073,AF,Afghanistan,AFA,Afghani,1,Research and Development,709,7,180,1,5
1148,AF,Afghanistan,AFA,Afghani,1,Research and Development,709,7,180,1,5
7133,AF,Afghanistan,AFA,Afghani,1,Research and Development,709,7,180,1,5
605,AF,Afghanistan,AFA,Afghani,1,Research and Development,709,7,180,1,5
14806,AF,Afghanistan,AFA,Afghani,1,Research and Development,709,7,180,1,5
15351,AF,Afghanistan,AFA,Afghani,1,Research and Development,709,7,180,1,5
11441,AF,Afghanistan,AFA,Afghani,1,Research and Development,709,7,180,1,5
17772,AF,Afghanistan,AFA,Afghani,1,Research and Development,709,7,180,1,5
9211,AF,Afghanistan,AFA,Afghani,1,Research and Development,709,7,180,1,5
6665,AF,Afghanistan,AFA,Afghani,1,Research and Development,709,7,180,1,5
5234,AF,Afghanistan,AFA,Afghani,1,Research and Development,709,7,180,1,5
16955,AF,Afghanistan,AFA,Afghani,1,Research and Development,709,7,180,1,5
18151,AF,Afghanistan,AFA,Afghani,1,Research and Development,709,7,180,1,5
9294,AF,Afghanistan,AFA,Afghani,1,Research and Development,709,7,180,1,5
12978,AF,Afghanistan,AFA,Afghani,1,Research and Development,709,7,180,1,5
10753,AF,Afghanistan,AFA,Afghani,1,Research and Development,709,7,180,1,5
12582,AF,Afghanistan,AFA,Afghani,1,Research and Development,709,7,180,1,5
16687,AF,Afghanistan,AFA,Afghani,1,Research and Development,709,7,180,1,5
4907,AF,Afghanistan,AFA,Afghani,1,Research and Development,709,7,180,1,5
1428,AF,Afghanistan,AFA,Afghani,1,Research and Development,709,7,180,1,5
13722,AF,Afghanistan,AFA,Afghani,1,Research and Development,709,7,180,1,5
8017,AF,Afghanistan,AFA,Afghani,1,Research and Development,709,7,180,1,5
11670,AF,Afghanistan,AFA,Afghani,1,Research and Development,709,7,180,1,5
7128,AF,Afghanistan,AFA,Afghani,1,Research and Development,709,7,180,1,5
18311,AF,Afghanistan,AFA,Afghani,1,Research and Development,709,7,180,1,5
1745,AF,Afghanistan,AFA,Afghani,1,Research and Development,709,7,180,1,5
9936,AF,Afghanistan,AFA,Afghani,1,Research and Development,709,7,180,1,5
12272,AF,Afghanistan,AFA,Afghani,1,Research and Development,709,7,180,1,5
6757,AF,Afghanistan,AFA,Afghani,1,Research and Development,709,7,180,1,5
18115,AF,Afghanistan,AFA,Afghani,1,Research and Development,709,7,180,1,5
19078,AF,Afghanistan,AFA,Afghani,1,Research and Development,709,7,180,1,5
4834,AF,Afghanistan,AFA,Afghani,1,Research and Development,709,7,180,1,5
7563,AF,Afghanistan,AFA,Afghani,1,Research and Development,709,7,180,1,5
7197,AF,Afghanistan,AFA,Afghani,1,Research and Development,709,7,180,1,5
5635,AF,Afghanistan,AFA,Afghani,1,Research and Development,709,7,180,1,5
19516,AF,Afghanistan,AFA,Afghani,1,Research and Development,709,7,180,1,5
7757,AF,Afghanistan,AFA,Afghani,1,Research and Development,709,7,180,1,5
10212,AF,Afghanistan,AFA,Afghani,1,Research and Development,709,7,180,1,5
7554,AF,Afghanistan,AFA,Afghani,1,Research and Development,709,7,180,1,5
4459,AF,Afghanistan,AFA,Afghani,1,Research and Development,709,7,180,1,5
3859,AF,Afghanistan,AFA,Afghani,1,Research and Development,709,7,180,1,5
19923,AF,Afghanistan,AFA,Afghani,1,Research and Development,709,7,180,1,5
20389,AF,Afghanistan,AFA,Afghani,1,Research and Development,709,7,180,1,5
8266,AF,Afghanistan,AFA,Afghani,1,Research and Development,709,7,180,1,5
15928,AF,Afghanistan,AFA,Afghani,1,Research and Development,709,7,180,1,5
17724,AF,Afghanistan,AFA,Afghani,1,Research and Development,709,7,180,1,5
9556,AF,Afghanistan,AFA,Afghani,1,Research and Development,709,7,180,1,5
13740,AF,Afghanistan,AFA,Afghani,1,Research and Development,709,7,180,1,5
15810,AF,Afghanistan,AFA,Afghani,1,Research and Development,709,7,180,1,5
2636,AF,Afghanistan,AFA,Afghani,1,Research and Development,709,7,180,1,5
11135,AF,Afghanistan,AFA,Afghani,1,Research and Development,709,7,180,1,5
12963,AF,Afghanistan,AFA,Afghani,1,Research and Development,709,7,180,1,5
11624,AF,Afghanistan,AFA,Afghani,1,Research and Development,709,7,180,1,5
13047,AF,Afghanistan,AFA,Afghani,1,Research and Development,709,7,180,1,5
13797,AF,Afghanistan,AFA,Afghani,1,Research and Development,709,7,180,1,5
12529,AF,Afghanistan,AFA,Afghani,1,Research and Development,709,7,180,1,5
6332,AF,Afghanistan,AFA,Afghani,1,Research and Development,709,7,180,1,5
17244,AF,Afghanistan,AFA,Afghani,1,Research and Development,709,7,180,1,5
15179,AF,Afghanistan,AFA,Afghani,1,Research and Development,709,7,180,1,5
1438,AF,Afghanistan,AFA,Afghani,1,Research and Development,709,7,180,1,5
13919,AF,Afghanistan,AFA,Afghani,1,Research and Development,709,7,180,1,5
16195,AF,Afghanistan,AFA,Afghani,1,Research and Development,709,7,180,1,5
18771,AF,Afghanistan,AFA,Afghani,1,Research and Development,709,7,180,1,5
16575,AF,Afghanistan,AFA,Afghani,1,Research and Development,709,7,180,1,5
2484,AF,Afghanistan,AFA,Afghani,1,Research and Development,709,7,180,1,5
12290,AF,Afghanistan,AFA,Afghani,1,Research and Development,709,7,180,1,5
12167,AF,Afghanistan,AFA,Afghani,1,Research and Development,709,7,180,1,5
7927,AF,Afghanistan,AFA,Afghani,1,Research and Development,709,7,180,1,5
8687,AF,Afghanistan,AFA,Afghani,1,Research and Development,709,7,180,1,5
12680,AF,Afghanistan,AFA,Afghani,1,Research and Development,709,7,180,1,5
343,AF,Afghanistan,AFA,Afghani,1,Research and Development,709,7,180,1,5
16227,AF,Afghanistan,AFA,Afghani,1,Research and Development,709,7,180,1,5
7346,AF,Afghanistan,AFA,Afghani,1,Research and Development,709,7,180,1,5
10336,AF,Afghanistan,AFA,Afghani,1,Research and Development,709,7,180,1,5
13989,AF,Afghanistan,AFA,Afghani,1,Research and Development,709,7,180,1,5
8418,AF,Afghanistan,AFA,Afghani,1,Research and Development,709,7,180,1,5
17360,AF,Afghanistan,AFA,Afghani,1,Research and Development,709,7,180,1,5
16889,AF,Afghanistan,AFA,Afghani,1,Research and Development,709,7,180,1,5
17459,AF,Afghanistan,AFA,Afghani,1,Research and Development,709,7,180,1,5
11115,AF,Afghanistan,AFA,Afghani,1,Research and Development,709,7,180,1,5
816,AF,Afghanistan,AFA,Afghani,1,Research and Development,709,7,180,1,5
13528,AF,Afghanistan,AFA,Afghani,1,Research and Development,709,7,180,1,5
789,AF,Afghanistan,AFA,Afghani,1,Research and Development,709,7,180,1,5
16646,AF,Afghanistan,AFA,Afghani,1,Research and Development,709,7,180,1,5
17936,AF,Afghanistan,AFA,Afghani,1,Research and Development,709,7,180,1,5
9232,AF,Afghanistan,AFA,Afghani,1,Research and Development,709,7,180,1,5
17273,AF,Afghanistan,AFA,Afghani,1,Research and Development,709,7,180,1,5
15920,AF,Afghanistan,AFA,Afghani,1,Research and Development,709,7,180,1,5
1122,AF,Afghanistan,AFA,Afghani,1,Research and Development,709,7,180,1,5
13234,AF,Afghanistan,AFA,Afghani,1,Research and Development,709,7,180,1,5
4304,AF,Afghanistan,AFA,Afghani,1,Research and Development,709,7,180,1,5
2062,AF,Afghanistan,AFA,Afghani,1,Research and Development,709,7,180,1,5
1198,AF,Afghanistan,AFA,Afghani,1,Research and Development,709,7,180,1,5
19665,AF,Afghanistan,AFA,Afghani,1,Research and Development,709,7,180,1,5
14379,AF,Afghanistan,AFA,Afghani,1,Research and Development,709,7,180,1,5
7329,AF,Afghanistan,AFA,Afghani,1,Research and Development,709,7,180,1,5
17320,AF,Afghanistan,AFA,Afghani,1,Research and Development,709,7,180,1,5
10181,AF,Afghanistan,AFA,Afghani,1,Research and Development,709,7,180,1,5
17786,AF,Afghanistan,AFA,Afghani,1,Research and Development,709,7,180,1,5
16723,AF,Afghanistan,AFA,Afghani,1,Research and Development,709,7,180,1,5
16388,AF,Afghanistan,AFA,Afghani,1,Research and Development,709,7,180,1,5
9987,AF,Afghanistan,AFA,Afghani,1,Research and Development,709,7,180,1,5
16220,AF,Afghanistan,AFA,Afghani,1,Research and Development,709,7,180,1,5
17800,AF,Afghanistan,AFA,Afghani,1,Research and Development,709,7,180,1,5
9329,AF,Afghanistan,AFA,Afghani,1,Research and Development,709,7,180,1,5
18415,AF,Afghanistan,AFA,Afghani,1,Research and Development,709,7,180,1,5
3238,AF,Afghanistan,AFA,Afghani,1,Research and Development,709,7,180,1,5
14220,AF,Afghanistan,AFA,Afghani,1,Research and Development,709,7,180,1,5
2069,AF,Afghanistan,AFA,Afghani,1,Research and Development,709,7,180,1,5
20025,AF,Afghanistan,AFA,Afghani,1,Research and Development,709,7,180,1,5
317,AF,Afghanistan,AFA,Afghani,1,Research and Development,709,7,180,1,5
2686,AF,Afghanistan,AFA,Afghani,1,Research and Development,709,7,180,1,5
17655,AF,Afghanistan,AFA,Afghani,1,Research and Development,709,7,180,1,5
13008,AF,Afghanistan,AFA,Afghani,1,Research and Development,709,7,180,1,5
9434,AF,Afghanistan,AFA,Afghani,1,Research and Development,709,7,180,1,5
7701,AF,Afghanistan,AFA,Afghani,1,Research and Development,709,7,180,1,5
13165,AF,Afghanistan,AFA,Afghani,1,Research and Development,709,7,180,1,5
4741,AF,Afghanistan,AFA,Afghani,1,Research and Development,709,7,180,1,5
14213,AF,Afghanistan,AFA,Afghani,1,Research and Development,709,7,180,1,5
13510,AF,Afghanistan,AFA,Afghani,1,Research and Development,709,7,180,1,5
11857,AF,Afghanistan,AFA,Afghani,1,Research and Development,709,7,180,1,5
361,AF,Afghanistan,AFA,Afghani,1,Research and Development,709,7,180,1,5
8558,AF,Afghanistan,AFA,Afghani,1,Research and Development,709,7,180,1,5
15475,AF,Afghanistan,AFA,Afghani,1,Research and Development,709,7,180,1,5
4111,AF,Afghanistan,AFA,Afghani,1,Research and Development,709,7,180,1,5
19256,AF,Afghanistan,AFA,Afghani,1,Research and Development,709,7,180,1,5
15370,AF,Afghanistan,AFA,Afghani,1,Research and Development,709,7,180,1,5
12980,AF,Afghanistan,AFA,Afghani,1,Research and Development,709,7,180,1,5
778,AF,Afghanistan,AFA,Afghani,1,Research and Development,709,7,180,1,5
7511,AF,Afghanistan,AFA,Afghani,1,Research and Development,709,7,180,1,5
695,AF,Afghanistan,AFA,Afghani,1,Research and Development,709,7,180,1,5
12634,AF,Afghanistan,AFA,Afghani,1,Research and Development,709,7,180,1,5
642,AF,Afghanistan,AFA,Afghani,1,Research and Development,709,7,180,1,5
16078,AF,Afghanistan,AFA,Afghani,1,Research and Development,709,7,180,1,5
3328,AF,Afghanistan,AFA,Afghani,1,Research and Development,709,7,180,1,5
20148,AF,Afghanistan,AFA,Afghani,1,Research and Development,709,7,180,1,5
6813,AF,Afghanistan,AFA,Afghani,1,Research and Development,709,7,180,1,5
4453,AF,Afghanistan,AFA,Afghani,1,Research and Development,709,7,180,1,5
16797,AF,Afghanistan,AFA,Afghani,1,Research and Development,709,7,180,1,5
2932,AF,Afghanistan,AFA,Afghani,1,Research and Development,709,7,180,1,5
18295,AF,Afghanistan,AFA,Afghani,1,Research and Development,709,7,180,1,5
14892,AF,Afghanistan,AFA,Afghani,1,Research and Development,709,7,180,1,5
6048,AF,Afghanistan,AFA,Afghani,1,Research and Development,709,7,180,1,5
20560,AF,Afghanistan,AFA,Afghani,1,Research and Development,709,7,180,1,5
7343,AF,Afghanistan,AFA,Afghani,1,Research and Development,709,7,180,1,5
13098,AF,Afghanistan,AFA,Afghani,1,Research and Development,709,7,180,1,5
7840,AF,Afghanistan,AFA,Afghani,1,Research and Development,709,7,180,1,5
10559,AF,Afghanistan,AFA,Afghani,1,Research and Development,709,7,180,1,5
8955,AF,Afghanistan,AFA,Afghani,1,Research and Development,709,7,180,1,5
10709,AF,Afghanistan,AFA,Afghani,1,Research and Development,709,7,180,1,5
17506,AF,Afghanistan,AFA,Afghani,1,Research and Development,709,7,180,1,5
7646,AF,Afghanistan,AFA,Afghani,1,Research and Development,709,7,180,1,5
6910,AF,Afghanistan,AFA,Afghani,1,Research and Development,709,7,180,1,5
16066,AF,Afghanistan,AFA,Afghani,1,Research and Development,709,7,180,1,5
8064,AF,Afghanistan,AFA,Afghani,1,Research and Development,709,7,180,1,5
8236,AF,Afghanistan,AFA,Afghani,1,Research and Development,709,7,180,1,5
14944,AF,Afghanistan,AFA,Afghani,1,Research and Development,709,7,180,1,5
20515,AF,Afghanistan,AFA,Afghani,1,Research and Development,709,7,180,1,5
1199,AF,Afghanistan,AFA,Afghani,1,Research and Development,709,7,180,1,5
18911,AF,Afghanistan,AFA,Afghani,1,Research and Development,709,7,180,1,5
19619,AF,Afghanistan,AFA,Afghani,1,Research and Development,709,7,180,1,5
18020,AF,Afghanistan,AFA,Afghani,1,Research and Development,709,7,180,1,5
16191,AF,Afghanistan,AFA,Afghani,1,Research and Development,709,7,180,1,5
19180,AF,Afghanistan,AFA,Afghani,1,Research and Development,709,7,180,1,5
3951,AF,Afghanistan,AFA,Afghani,1,Research and Development,709,7,180,1,5
18457,AF,Afghanistan,AFA,Afghani,1,Research and Development,709,7,180,1,5
16245,AF,Afghanistan,AFA,Afghani,1,Research and Development,709,7,180,1,5
10884,AF,Afghanistan,AFA,Afghani,1,Research and Development,709,7,180,1,5
2520,AF,Afghanistan,AFA,Afghani,1,Research and Development,709,7,180,1,5
3074,AF,Afghanistan,AFA,Afghani,1,Research and Development,709,7,180,1,5
15083,AF,Afghanistan,AFA,Afghani,1,Research and Development,709,7,180,1,5
505,AF,Afghanistan,AFA,Afghani,1,Research and Development,709,7,180,1,5
17685,AF,Afghanistan,AFA,Afghani,1,Research and Development,709,7,180,1,5
6357,AF,Afghanistan,AFA,Afghani,1,Research and Development,709,7,180,1,5
18244,AF,Afghanistan,AFA,Afghani,1,Research and Development,709,7,180,1,5
1406,AF,Afghanistan,AFA,Afghani,1,Research and Development,709,7,180,1,5
2616,AF,Afghanistan,AFA,Afghani,1,Research and Development,709,7,180,1,5
10757,AF,Afghanistan,AFA,Afghani,1,Research and Development,709,7,180,1,5
13247,AF,Afghanistan,AFA,Afghani,1,Research and Development,709,7,180,1,5
14051,AF,Afghanistan,AFA,Afghani,1,Research and Development,709,7,180,1,5
13543,AF,Afghanistan,AFA,Afghani,1,Research and Development,709,7,180,1,5
11430,AF,Afghanistan,AFA,Afghani,1,Research and Development,709,7,180,1,5
16379,AF,Afghanistan,AFA,Afghani,1,Research and Development,709,7,180,1,5
15292,AF,Afghanistan,AFA,Afghani,1,Research and Development,709,7,180,1,5
6629,AF,Afghanistan,AFA,Afghani,1,Research and Development,709,7,180,1,5
1162,AF,Afghanistan,AFA,Afghani,1,Research and Development,709,7,180,1,5
20703,AF,Afghanistan,AFA,Afghani,1,Research and Development,709,7,180,1,5
11379,AF,Afghanistan,AFA,Afghani,1,Research and Development,709,7,180,1,5
16894,AF,Afghanistan,AFA,Afghani,1,Research and Development,709,7,180,1,5
12790,AF,Afghanistan,AFA,Afghani,1,Research and Development,709,7,180,1,5
7189,AF,Afghanistan,AFA,Afghani,1,Research and Development,709,7,180,1,5
7930,AF,Afghanistan,AFA,Afghani,1,Research and Development,709,7,180,1,5
1765,AF,Afghanistan,AFA,Afghani,1,Research and Development,709,7,180,1,5
10894,AF,Afghanistan,AFA,Afghani,1,Research and Development,709,7,180,1,5
9659,AF,Afghanistan,AFA,Afghani,1,Research and Development,709,7,180,1,5
13581,AF,Afghanistan,AFA,Afghani,1,Research and Development,709,7,180,1,5
2451,AF,Afghanistan,AFA,Afghani,1,Research and Development,709,7,180,1,5
1424,AF,Afghanistan,AFA,Afghani,1,Research and Development,709,7,180,1,5
15904,AF,Afghanistan,AFA,Afghani,1,Research and Development,709,7,180,1,5
14745,AF,Afghanistan,AFA,Afghani,1,Research and Development,709,7,180,1,5
11134,AF,Afghanistan,AFA,Afghani,1,Research and Development,709,7,180,1,5
16233,AF,Afghanistan,AFA,Afghani,1,Research and Development,709,7,180,1,5
5760,AF,Afghanistan,AFA,Afghani,1,Research and Development,709,7,180,1,5
17703,AF,Afghanistan,AFA,Afghani,1,Research and Development,709,7,180,1,5
18878,AF,Afghanistan,AFA,Afghani,1,Research and Development,709,7,180,1,5
20345,AF,Afghanistan,AFA,Afghani,1,Research and Development,709,7,180,1,5
1161,AF,Afghanistan,AFA,Afghani,1,Research and Development,709,7,180,1,5
6708,AF,Afghanistan,AFA,Afghani,1,Research and Development,709,7,180,1,5
2024,AF,Afghanistan,AFA,Afghani,1,Research and Development,709,7,180,1,5
6517,AF,Afghanistan,AFA,Afghani,1,Research and Development,709,7,180,1,5
9820,AF,Afghanistan,AFA,Afghani,1,Research and Development,709,7,180,1,5
15326,AF,Afghanistan,AFA,Afghani,1,Research and Development,709,7,180,1,5
20616,AF,Afghanistan,AFA,Afghani,1,Research and Development,709,7,180,1,5
3055,AF,Afghanistan,AFA,Afghani,1,Research and Development,709,7,180,1,5
6845,AF,Afghanistan,AFA,Afghani,1,Research and Development,709,7,180,1,5
12663,AF,Afghanistan,AFA,Afghani,1,Research and Development,709,7,180,1,5
338,AF,Afghanistan,AFA,Afghani,1,Research and Development,709,7,180,1,5
5590,AF,Afghanistan,AFA,Afghani,1,Research and Development,709,7,180,1,5
8468,AF,Afghanistan,AFA,Afghani,1,Research and Development,709,7,180,1,5
6442,AF,Afghanistan,AFA,Afghani,1,Research and Development,709,7,180,1,5
20449,AF,Afghanistan,AFA,Afghani,1,Research and Development,709,7,180,1,5
14034,AF,Afghanistan,AFA,Afghani,1,Research and Development,709,7,180,1,5
14472,AF,Afghanistan,AFA,Afghani,1,Research and Development,709,7,180,1,5
7,AF,Afghanistan,AFA,Afghani,1,Research and Development,709,7,180,1,5
3550,AF,Afghanistan,AFA,Afghani,1,Research and Development,709,7,180,1,5
8078,AF,Afghanistan,AFA,Afghani,1,Research and Development,709,7,180,1,5
14227,AF,Afghanistan,AFA,Afghani,1,Research and Development,709,7,180,1,5
4010,AF,Afghanistan,AFA,Afghani,1,Research and Development,709,7,180,1,5
16264,AF,Afghanistan,AFA,Afghani,1,Research and Development,709,7,180,1,5
13643,AF,Afghanistan,AFA,Afghani,1,Research and Development,709,7,180,1,5
3769,AF,Afghanistan,AFA,Afghani,1,Research and Development,709,7,180,1,5
11176,AF,Afghanistan,AFA,Afghani,1,Research and Development,709,7,180,1,5
9959,AF,Afghanistan,AFA,Afghani,1,Research and Development,709,7,180,1,5
13320,AF,Afghanistan,AFA,Afghani,1,Research and Development,709,7,180,1,5
280,AF,Afghanistan,AFA,Afghani,1,Research and Development,709,7,180,1,5
19985,AF,Afghanistan,AFA,Afghani,1,Research and Development,709,7,180,1,5
14370,AF,Afghanistan,AFA,Afghani,1,Research and Development,709,7,180,1,5
7994,AF,Afghanistan,AFA,Afghani,1,Research and Development,709,7,180,1,5
16982,AF,Afghanistan,AFA,Afghani,1,Research and Development,709,7,180,1,5
7787,AF,Afghanistan,AFA,Afghani,1,Research and Development,709,7,180,1,5
3263,AF,Afghanistan,AFA,Afghani,1,Research and Development,709,7,180,1,5
19364,AF,Afghanistan,AFA,Afghani,1,Research and Development,709,7,180,1,5
14949,AF,Afghanistan,AFA,Afghani,1,Research and Development,709,7,180,1,5
2042,AF,Afghanistan,AFA,Afghani,1,Research and Development,709,7,180,1,5
8711,AF,Afghanistan,AFA,Afghani,1,Research and Development,709,7,180,1,5
241,AF,Afghanistan,AFA,Afghani,1,Research and Development,709,7,180,1,5
15734,AF,Afghanistan,AFA,Afghani,1,Research and Development,709,7,180,1,5
4232,AF,Afghanistan,AFA,Afghani,1,Research and Development,709,7,180,1,5
15799,AF,Afghanistan,AFA,Afghani,1,Research and Development,709,7,180,1,5
13958,AF,Afghanistan,AFA,Afghani,1,Research and Development,709,7,180,1,5
17709,AF,Afghanistan,AFA,Afghani,1,Research and Development,709,7,180,1,5
12293,AF,Afghanistan,AFA,Afghani,1,Research and Development,709,7,180,1,5
10692,AF,Afghanistan,AFA,Afghani,1,Research and Development,709,7,180,1,5
3828,AF,Afghanistan,AFA,Afghani,1,Research and Development,709,7,180,1,5
5970,AF,Afghanistan,AFA,Afghani,1,Research and Development,709,7,180,1,5
801,AF,Afghanistan,AFA,Afghani,1,Research and Development,709,7,180,1,5
9709,AF,Afghanistan,AFA,Afghani,1,Research and Development,709,7,180,1,5
5506,AF,Afghanistan,AFA,Afghani,1,Research and Development,709,7,180,1,5
19960,AF,Afghanistan,AFA,Afghani,1,Research and Development,709,7,180,1,5
19994,AF,Afghanistan,AFA,Afghani,1,Research and Development,709,7,180,1,5
14812,AF,Afghanistan,AFA,Afghani,1,Research and Development,709,7,180,1,5
13541,AF,Afghanistan,AFA,Afghani,1,Research and Development,709,7,180,1,5
7276,AF,Afghanistan,AFA,Afghani,1,Research and Development,709,7,180,1,5
17966,AF,Afghanistan,AFA,Afghani,1,Research and Development,709,7,180,1,5
8507,AF,Afghanistan,AFA,Afghani,1,Research and Development,709,7,180,1,5
